leak_idx,deltap,r_squared,P0,A,tau,B,generalized_variance,condition_number,reduced_chi_square,success,message
-0.121403,0,-nan(ind),-1.06655e-174,3.13302e-174,4,-9.50898e-176,999,2.3341,0,2,OK
-0.121403,0,-nan(ind),-1.06655e-174,3.13302e-174,4,-9.50898e-176,999,2.3341,0,2,OK
-0.121403,0,-nan(ind),-1.06655e-174,3.13302e-174,4,-9.50898e-176,999,2.3341,0,2,OK
-0.121403,0,-nan(ind),-1.06655e-174,3.13302e-174,4,-9.50898e-176,999,2.3341,0,2,OK
-0.121403,0,-nan(ind),-1.06655e-174,3.13302e-174,4,-9.50898e-176,999,2.3341,0,2,OK
